Destination,Destination Port,Label,ftp,smtp,ssh,web
12.16.1.10,80,web,,,,6.0
12.16.191.161,80,web,,,,10.0
12.2.169.104,80,web,,,,22.0
12.2.252.101,80,web,,,,9.0
128.11.19.152,80,web,,,,106.0
128.11.19.212,80,web,,,,4.0
128.11.19.60,80,web,,,,4.0
128.11.19.66,80,web,,,,6.0
128.11.41.40,80,web,,,,96.0
128.11.42.60,80,web,,,,10.0
128.11.42.61,80,web,,,,5.0
128.11.47.66,80,web,,,,2.0
128.183.17.121,80,web,,,,3.0
128.183.216.171,80,web,,,,17.0
128.190.159.70,80,web,,,,20.0
128.236.25.10,80,web,,,,39.0
129.188.136.63,80,web,,,,22.0
129.188.8.50,80,web,,,,1.0
129.198.94.91,80,web,,,,44.0
129.48.195.225,80,web,,,,8.0
129.48.28.12,80,web,,,,32.0
129.48.28.13,80,web,,,,105.0
129.48.28.16,80,web,,,,3.0
129.52.70.71,80,web,,,,40.0
129.53.1.45,80,web,,,,2.0
129.53.165.193,80,web,,,,3.0
129.53.216.18,80,web,,,,2.0
129.53.216.5,80,web,,,,158.0
129.63.1.100,80,web,,,,46.0
129.63.1.2,80,web,,,,1.0
129.63.122.198,80,web,,,,6.0
130.215.25.53,80,web,,,,23.0
131.22.200.40,80,web,,,,4.0
131.38.122.67,80,web,,,,7.0
131.44.104.200,80,web,,,,17.0
131.6.187.206,80,web,,,,3.0
131.6.84.5,80,web,,,,45.0
131.84.1.31,80,web,,,,339.0
131.84.1.34,80,web,,,,15.0
131.84.1.60,80,web,,,,26.0
131.84.1.68,80,web,,,,17.0
132.24.126.14,80,web,,,,6.0
132.25.1.25,80,web,,,,62.0
132.56.128.111,80,web,,,,8.0
132.60.128.81,80,web,,,,5.0
132.60.168.152,80,web,,,,13.0
132.60.56.5,80,web,,,,1.0
132.80.207.6,80,web,,,,61.0
132.80.207.7,80,web,,,,1.0
134.152.105.93,80,web,,,,1.0
134.152.118.246,80,web,,,,20.0
134.152.25.12,80,web,,,,18.0
134.205.131.13,80,web,,,,27.0
134.205.131.21,80,web,,,,5.0
134.205.131.26,80,web,,,,48.0
134.205.131.29,80,web,,,,1.0
134.205.131.41,80,web,,,,36.0
134.205.131.65,80,web,,,,49.0
134.205.165.120,80,web,,,,172.0
134.205.165.122,80,web,,,,3.0
135.13.216.191,23,ssh,,,5.0,1.0
135.13.216.191,25,smtp,,8.0,,104.0
135.145.253.41,80,web,,,,30.0
135.145.9.134,80,web,,,,41.0
135.8.60.182,23,ssh,,,7.0,1.0
135.8.60.182,25,smtp,,9.0,,133.0
136.149.15.15,80,web,,,,5.0
136.149.63.132,80,web,,,,512.0
137.161.232.131,80,web,,,,1.0
137.241.216.100,80,web,,,,1.0
137.241.250.70,80,web,,,,64.0
137.244.199.129,80,web,,,,1.0
137.245.85.134,80,web,,,,33.0
138.13.244.10,80,web,,,,35.0
138.147.50.50,80,web,,,,1.0
139.72.190.50,80,web,,,,284.0
140.175.174.30,80,web,,,,74.0
140.175.21.20,80,web,,,,1.0
140.188.64.14,80,web,,,,17.0
140.244.2.155,80,web,,,,1.0
140.90.6.254,80,web,,,,22.0
141.199.20.16,80,web,,,,2.0
143.158.17.89,80,web,,,,56.0
143.158.252.69,80,web,,,,6.0
143.166.224.32,80,web,,,,1.0
143.166.224.42,80,web,,,,284.0
143.166.224.44,80,web,,,,69.0
143.166.224.45,80,web,,,,1.0
144.3.144.36,80,web,,,,24.0
147.81.3.169,80,web,,,,4.0
149.44.2.14,80,web,,,,18.0
151.193.130.63,80,web,,,,1.0
151.193.131.161,80,web,,,,27.0
151.193.131.29,80,web,,,,13.0
151.193.131.5,80,web,,,,90.0
151.193.131.57,80,web,,,,1.0
151.193.131.9,80,web,,,,29.0
151.200.90.4,80,web,,,,3.0
152.163.210.17,80,web,,,,42.0
152.163.210.24,80,web,,,,621.0
152.163.212.40,80,web,,,,10.0
152.163.216.141,80,web,,,,41.0
152.163.216.168,80,web,,,,1.0
152.52.15.131,80,web,,,,2.0
156.46.156.2,80,web,,,,8.0
157.151.95.209,80,web,,,,1.0
159.133.105.3,80,web,,,,14.0
159.142.1.200,80,web,,,,40.0
159.142.131.74,80,web,,,,62.0
159.142.212.114,80,web,,,,6.0
159.142.31.34,80,web,,,,22.0
159.215.19.3,80,web,,,,65.0
160.136.109.3,80,web,,,,20.0
160.147.163.19,80,web,,,,149.0
160.147.68.21,80,web,,,,244.0
160.149.150.15,80,web,,,,7.0
160.79.247.77,80,web,,,,6.0
161.188.250.169,80,web,,,,2.0
161.188.250.170,80,web,,,,20.0
161.203.16.2,80,web,,,,8.0
162.93.243.93,80,web,,,,2.0
165.1.76.100,80,web,,,,6.0
165.176.32.31,80,web,,,,14.0
165.83.213.4,80,web,,,,12.0
166.77.13.117,80,web,,,,115.0
167.8.29.118,80,web,,,,1.0
167.8.29.30,80,web,,,,1.0
167.8.29.46,80,web,,,,2.0
167.8.29.70,80,web,,,,4.0
167.8.29.8,80,web,,,,1.0
17.254.3.89,80,web,,,,1.0
172.16.112.100,21,ftp,24.0,,,
172.16.112.100,23,ssh,,,2.0,1.0
172.16.112.100,25,smtp,,11.0,2.0,200.0
172.16.112.100,80,web,1.0,,,758.0
172.16.112.149,23,ssh,,,2.0,
172.16.112.149,25,smtp,,2.0,,66.0
172.16.112.194,23,ssh,,,1.0,39.0
172.16.112.194,25,smtp,,1.0,,95.0
172.16.112.207,23,ssh,,,1.0,
172.16.112.207,25,smtp,,1.0,,77.0
172.16.112.50,22,ssh,,,10.0,1.0
172.16.112.50,23,ssh,,,9.0,2.0
172.16.112.50,25,smtp,,,,45.0
172.16.113.105,25,smtp,,5.0,,114.0
172.16.113.204,23,ssh,,,,1.0
172.16.113.204,25,smtp,,2.0,,76.0
172.16.113.50,23,ssh,,,5.0,
172.16.113.50,25,smtp,,34.0,,1.0
172.16.113.84,25,smtp,,2.0,,87.0
172.16.114.148,21,ftp,30.0,,,
172.16.114.148,25,smtp,,5.0,,82.0
172.16.114.168,25,smtp,,4.0,,85.0
172.16.114.169,23,ssh,,,1.0,
172.16.114.169,25,smtp,,4.0,,69.0
172.16.114.207,25,smtp,,4.0,,106.0
172.16.114.50,22,ssh,,,12.0,1.0
172.16.114.50,23,ssh,,,9.0,1.0
172.16.114.50,25,smtp,,2.0,,32.0
172.16.114.50,80,web,,,,913.0
187.187.187.187,80,web,,,,45.0
192.104.107.205,80,web,,,,13.0
192.114.146.129,80,web,,,,77.0
192.150.12.103,80,web,,,,98.0
192.151.11.13,80,web,,,,46.0
192.156.136.22,80,web,,,,9.0
192.175.182.11,80,web,,,,9.0
192.208.46.131,80,web,,,,2.0
192.216.191.102,80,web,,,,30.0
192.233.155.5,80,web,,,,6.0
192.239.92.43,80,web,,,,4.0
192.239.92.47,80,web,,,,5.0
192.41.15.61,80,web,,,,49.0
192.56.219.44,80,web,,,,7.0
192.56.219.60,80,web,,,,41.0
192.6.7.17,80,web,,,,1.0
192.64.69.25,80,web,,,,8.0
192.72.126.7,80,web,,,,64.0
192.84.63.8,80,web,,,,65.0
192.9.49.33,80,web,,,,36.0
193.114.243.70,80,web,,,,38.0
194.112.108.13,80,web,,,,36.0
194.117.203.152,80,web,,,,14.0
194.163.254.145,80,web,,,,17.0
194.163.254.150,80,web,,,,7.0
194.163.254.152,80,web,,,,1.0
194.163.56.2,80,web,,,,8.0
194.27.251.21,23,ssh,,,3.0,
194.27.251.21,25,smtp,,2.0,,88.0
194.7.248.153,23,ssh,,,8.0,
194.7.248.153,25,smtp,,5.0,,68.0
194.78.114.4,80,web,,,,2.0
195.115.218.108,23,ssh,,,7.0,
195.115.218.108,25,smtp,,3.0,1.0,70.0
195.115.62.29,80,web,,,,1.0
195.225.2.20,80,web,,,,1.0
195.25.9.147,80,web,,,,24.0
195.46.193.95,80,web,,,,2.0
195.68.29.217,80,web,,,,2.0
195.73.151.50,23,ssh,,,6.0,
195.73.151.50,25,smtp,,3.0,,58.0
195.78.66.110,80,web,,,,14.0
196.227.33.189,23,ssh,,,2.0,1.0
196.227.33.189,25,smtp,,2.0,,84.0
196.37.75.158,23,ssh,,,6.0,
196.37.75.158,25,smtp,,2.0,,79.0
197.182.91.233,23,ssh,,,4.0,
197.182.91.233,25,smtp,,2.0,,72.0
197.218.177.69,21,ftp,28.0,,,
197.218.177.69,23,ssh,,,6.0,
197.218.177.69,25,smtp,,1.0,,69.0
198.110.101.15,80,web,,,,213.0
198.110.128.5,80,web,,,,8.0
198.112.59.30,80,web,,,,33.0
198.114.66.50,80,web,,,,3.0
198.137.240.92,80,web,,,,208.0
198.152.185.66,80,web,,,,10.0
198.17.57.66,80,web,,,,38.0
198.200.153.9,80,web,,,,87.0
198.22.121.41,80,web,,,,2.0
198.23.18.10,80,web,,,,26.0
198.246.96.2,80,web,,,,14.0
198.246.96.4,80,web,,,,21.0
198.3.101.5,80,web,,,,4.0
198.3.96.10,80,web,,,,1.0
198.3.96.160,80,web,,,,3.0
198.3.96.170,80,web,,,,1.0
198.3.96.30,80,web,,,,8.0
198.3.96.50,80,web,,,,4.0
198.3.98.150,80,web,,,,9.0
198.3.98.160,80,web,,,,2.0
198.3.98.200,80,web,,,,1.0
198.3.98.225,80,web,,,,3.0
198.3.98.99,80,web,,,,29.0
198.3.99.101,80,web,,,,23.0
198.3.99.120,80,web,,3.0,,38.0
198.3.99.130,80,web,,,,6.0
198.3.99.199,80,web,,,,2.0
198.3.99.70,80,web,,,,3.0
198.49.121.85,80,web,,,,1.0
198.49.121.87,80,web,,,,25.0
198.60.134.51,80,web,,,,93.0
198.68.244.149,80,web,,,,1.0
198.68.244.158,80,web,,,,24.0
198.68.244.168,80,web,,,,21.0
198.68.244.239,80,web,,,,5.0
198.68.244.246,80,web,,,,3.0
198.76.99.34,80,web,,,,1.0
198.93.24.21,80,web,,,,65.0
198.93.33.75,80,web,,,,1.0
198.95.134.80,80,web,,,,59.0
199.105.96.254,80,web,,,,60.0
199.123.32.60,80,web,,,,9.0
199.172.144.23,80,web,,,,10.0
199.172.144.24,80,web,,,1.0,30.0
199.172.144.25,80,web,,1.0,,11.0
199.173.162.18,80,web,,,,108.0
199.181.172.200,80,web,,,,3.0
199.181.172.234,80,web,,,,2.0
199.181.172.238,80,web,,,,10.0
199.181.172.247,80,web,,,,1.0
199.222.69.10,80,web,,,,77.0
199.234.225.77,80,web,,,,8.0
199.242.194.176,80,web,,,,11.0
199.242.24.34,80,web,,,,1.0
199.249.19.183,80,web,,,,2.0
199.250.130.195,80,web,,,,101.0
199.250.130.197,80,web,,,,1.0
199.254.137.66,80,web,,,,6.0
199.35.192.164,80,web,,,,18.0
199.5.40.157,80,web,,,,3.0
199.60.19.115,80,web,,,,16.0
199.94.100.2,80,web,,,,74.0
199.94.99.2,80,web,,,,1.0
199.95.207.36,80,web,,,,35.0
199.95.209.99,80,web,,,,300.0
199.95.73.221,80,web,,,,28.0
199.95.74.197,80,web,,,,11.0
199.95.74.90,80,web,,,,855.0
199.95.74.92,80,web,,,,32.0
199.95.74.94,80,web,,,,6.0
199.95.74.95,80,web,,,,4.0
199.95.74.97,80,web,,,,716.0
202.139.249.250,80,web,,,,18.0
202.187.16.44,80,web,,,,11.0
202.84.254.2,80,web,,,,11.0
203.17.36.72,80,web,,,,101.0
203.61.211.2,80,web,,,,90.0
204.120.126.156,80,web,,,,5.0
204.123.2.107,80,web,,,,246.0
204.123.2.66,80,web,,,,29.0
204.123.2.94,80,web,,,,11.0
204.123.9.59,80,web,,,,10.0
204.123.9.65,80,web,,,,4.0
204.123.9.71,80,web,,,,4.0
204.140.13.69,80,web,,,,3.0
204.140.165.40,80,web,,,,1.0
204.146.164.194,80,web,,,,21.0
204.146.167.73,80,web,,,,4.0
204.146.167.78,80,web,,,,1.0
204.146.17.42,80,web,,,,1.0
204.146.18.33,80,web,,,,91.0
204.146.28.51,80,web,,,,334.0
204.146.28.55,80,web,,,,10.0
204.151.243.54,80,web,,,,25.0
204.162.251.149,80,web,,,,1.0
204.162.251.175,80,web,,,,2.0
204.162.80.181,80,web,,,,16.0
204.162.96.101,80,web,,,,1.0
204.162.96.126,80,web,,,,1.0
204.162.96.83,80,web,,,,36.0
204.164.100.65,80,web,,,,40.0
204.164.108.71,80,web,,,,32.0
204.168.91.184,80,web,,,,2.0
204.17.42.16,80,web,,,,24.0
204.17.42.21,80,web,,,,2.0
204.176.146.249,80,web,,,,1.0
204.198.130.67,80,web,,,,201.0
204.202.129.228,80,web,,,,13.0
204.202.129.230,80,web,,,,222.0
204.202.129.232,80,web,,,,22.0
204.202.129.235,80,web,,,,5.0
204.202.130.220,80,web,,,,23.0
204.202.130.223,80,web,,,,165.0
204.202.134.10,80,web,,,,3.0
204.202.134.32,80,web,,,,1.0
204.202.134.71,80,web,,,,4.0
204.202.136.230,80,web,,,,152.0
204.202.136.233,80,web,,,,9.0
204.202.136.241,80,web,,,,41.0
204.233.134.3,80,web,,,,100.0
204.249.220.114,80,web,,,,1.0
204.34.175.79,80,web,,,,2.0
204.62.128.70,80,web,,,,1.0
204.62.133.195,80,web,,,,2.0
204.71.177.168,80,web,,,,11.0
204.71.177.201,80,web,,,,1.0
204.71.177.209,80,web,,,,1.0
204.71.177.218,80,web,,,,1.0
204.71.177.35,80,web,,,,1.0
204.71.188.51,80,web,,,,2.0
204.71.191.209,80,web,,,,5.0
204.71.191.226,80,web,,,,19.0
204.71.191.32,80,web,,,,19.0
204.71.200.128,80,web,,,,4.0
204.71.200.129,80,web,,,,158.0
204.71.200.160,80,web,,,,1.0
204.71.200.184,80,web,,,,3.0
204.71.200.187,80,web,,,,1.0
204.71.200.190,80,web,,,,1.0
204.71.200.192,80,web,,,,2.0
204.71.200.203,80,web,,,,4.0
204.71.200.223,80,web,,,,2.0
204.71.200.241,80,web,,,,1.0
204.71.200.41,80,web,,,,4.0
204.71.200.70,80,web,,,,2.0
204.71.200.74,80,web,,,,50.0
204.71.200.86,80,web,,,,2.0
204.71.200.89,80,web,,,,2.0
204.71.201.164,80,web,,,,8.0
204.71.201.75,80,web,,,,1.0
204.71.242.25,80,web,,,,5.0
204.71.242.42,80,web,,,,149.0
204.95.186.84,80,web,,,,28.0
205.130.131.15,80,web,,,,2.0
205.131.175.20,80,web,,,,40.0
205.131.175.5,80,web,,,,6.0
205.131.176.11,80,web,,,,13.0
205.138.110.201,80,web,,,,24.0
205.139.28.98,80,web,,,,57.0
205.139.28.99,80,web,,,,1.0
205.139.29.69,80,web,,,,2.0
205.147.201.140,80,web,,,,26.0
205.147.50.68,80,web,,,,13.0
205.150.151.116,80,web,,,,12.0
205.153.28.61,80,web,,,,4.0
205.159.243.121,80,web,,,,38.0
205.168.248.10,80,web,,,,38.0
205.168.248.2,80,web,,,,5.0
205.175.220.62,80,web,,,,4.0
205.180.59.42,80,web,,,,12.0
205.180.60.96,80,web,,,,6.0
205.181.112.114,80,web,,,,13.0
205.181.112.183,80,web,,,,35.0
205.181.112.36,80,web,,,,2.0
205.181.112.65,80,web,,,,771.0
205.181.112.67,80,web,,,,243.0
205.181.112.68,80,web,,,,1.0
205.181.112.72,80,web,,,,11.0
205.181.112.74,80,web,,,,44.0
205.181.112.77,80,web,,,,2.0
205.181.199.103,80,web,,,,2.0
205.181.56.232,80,web,,,,1.0
205.188.146.109,80,web,,,,250.0
205.188.146.90,80,web,,,,18.0
205.188.148.171,80,web,,,,5.0
205.188.218.42,80,web,,,,4.0
205.188.218.46,80,web,,,,13.0
205.199.66.243,80,web,,,,2.0
205.216.163.90,80,web,,,,11.0
205.216.163.91,80,web,,,,5.0
205.216.163.96,80,web,,,,1.0
205.227.44.16,80,web,,,,76.0
205.228.184.105,80,web,,,,38.0
205.228.184.135,80,web,,,,1.0
205.228.184.136,80,web,,,,1.0
205.228.184.152,80,web,,,,1.0
205.228.184.153,80,web,,,,1.0
205.228.184.61,80,web,,,,3.0
205.240.249.66,80,web,,,,20.0
205.252.248.98,80,web,,,,53.0
205.254.240.185,80,web,,,,79.0
205.254.253.152,80,web,,,,24.0
206.101.198.76,80,web,,,,16.0
206.105.64.87,80,web,,,,91.0
206.111.160.131,80,web,,,,1.0
206.129.141.18,80,web,,,,1.0
206.132.10.191,80,web,,,,1.0
206.132.157.20,80,web,,,,14.0
206.132.157.25,80,web,,,,15.0
206.132.244.110,80,web,,,,4.0
206.132.244.97,80,web,,,,7.0
206.132.25.216,80,web,,,,1.0
206.132.25.37,80,web,,,,16.0
206.132.25.41,80,web,,,,2.0
206.132.25.42,80,web,,,,1.0
206.132.25.51,80,web,,,,1102.0
206.132.32.32,80,web,,,,140.0
206.137.126.3,80,web,,,,2.0
206.15.114.128,80,web,,14.0,,246.0
206.15.114.54,80,web,,,,3.0
206.15.114.71,80,web,,,,7.0
206.15.114.88,80,web,,,,11.0
206.151.165.243,80,web,,,,2.0
206.154.102.2,80,web,,,,105.0
206.157.193.155,80,web,,,,2.0
206.157.193.20,80,web,,,,2.0
206.175.82.57,80,web,,,,2.0
206.184.238.129,80,web,,,,245.0
206.185.8.147,80,web,,,,4.0
206.190.33.196,80,web,,,,1.0
206.190.33.246,80,web,,,,1.0
206.204.30.106,80,web,,,,5.0
206.231.144.58,80,web,,,,66.0
206.243.183.170,80,web,,,,24.0
206.243.238.248,80,web,,,,19.0
206.243.32.9,80,web,,,,8.0
206.246.131.226,80,web,,,,37.0
206.25.164.122,80,web,,,,3.0
206.25.185.133,80,web,,,,25.0
206.25.90.18,80,web,,,,1.0
206.25.90.20,80,web,,,,8.0
206.25.91.138,80,web,,,,2.0
206.251.17.74,80,web,,,,1.0
206.251.18.149,80,web,,,,8.0
206.251.18.55,80,web,,,,66.0
206.251.23.116,80,web,,,,1.0
206.251.23.197,80,web,,,,1.0
206.253.217.8,80,web,,,,1.0
206.26.68.205,80,web,,,,1.0
206.3.63.20,80,web,,,,53.0
206.33.210.40,80,web,,,,28.0
206.39.184.2,80,web,,,,30.0
206.4.74.25,80,web,,,,22.0
206.41.140.162,80,web,,,,49.0
206.62.132.69,80,web,,,,67.0
206.64.127.15,80,web,,,,9.0
206.64.176.105,80,web,,,,19.0
206.67.57.107,80,web,,,,31.0
206.71.77.2,80,web,,,,7.0
206.79.17.92,80,web,,,,40.0
206.79.171.51,80,web,,,,184.0
206.79.229.16,80,web,,,,26.0
206.79.229.17,80,web,,,,60.0
206.79.229.18,80,web,,,,25.0
206.79.229.45,80,web,,,,25.0
206.79.229.47,80,web,,,,1.0
206.83.105.134,80,web,,,,1.0
207.121.186.190,80,web,,,,32.0
207.121.187.251,80,web,,,,76.0
207.121.190.172,80,web,,,,37.0
207.121.191.100,80,web,,,,45.0
207.121.191.59,80,web,,,,1.0
207.132.79.4,80,web,,,,7.0
207.138.33.100,80,web,,,,39.0
207.149.188.220,80,web,,,,162.0
207.149.188.254,80,web,,,,2.0
207.149.188.29,80,web,,,,10.0
207.154.13.22,80,web,,,,133.0
207.155.125.158,80,web,,,,10.0
207.159.129.100,80,web,,,,41.0
207.168.8.10,80,web,,,,34.0
207.168.8.2,80,web,,,,2.0
207.168.8.47,80,web,,,,4.0
207.170.100.29,80,web,,,,5.0
207.18.199.145,80,web,,,,2.0
207.18.199.178,80,web,,,,23.0
207.18.199.3,80,web,,,,655.0
207.198.157.108,80,web,,,,9.0
207.200.75.201,80,web,,,,11.0
207.208.129.30,80,web,,,,93.0
207.211.106.40,80,web,,,,101.0
207.211.215.126,80,web,,,,8.0
207.212.114.4,80,web,,,,53.0
207.226.184.10,80,web,,,,82.0
207.226.241.22,80,web,,,,1.0
207.226.249.134,80,web,,,,3.0
207.228.1.140,80,web,,,,5.0
207.24.89.130,80,web,,,,2.0
207.24.89.70,80,web,,,,12.0
207.240.118.17,80,web,,,,1.0
207.240.14.30,80,web,,,,11.0
207.240.151.154,80,web,,,,16.0
207.240.151.17,80,web,,,,20.0
207.240.151.73,80,web,,,,2.0
207.247.25.192,80,web,,,,51.0
207.25.71.141,80,web,,,,956.0
207.25.71.142,80,web,,,,256.0
207.25.71.178,80,web,,,,20.0
207.25.71.186,80,web,,,,4.0
207.25.71.200,80,web,,,,744.0
207.25.71.30,80,web,,,,56.0
207.25.71.5,80,web,,,,175.0
207.25.71.62,80,web,,,,46.0
207.25.71.63,80,web,,,,58.0
207.25.71.77,80,web,,,,1.0
207.25.71.81,80,web,,,,1.0
207.25.79.43,80,web,,,,6.0
207.25.79.82,80,web,,,,6.0
207.25.79.88,80,web,,,,14.0
207.31.80.5,80,web,,,,2.0
207.37.243.56,80,web,,,,9.0
207.38.64.61,80,web,,,,2.0
207.46.130.14,80,web,,,,541.0
207.46.130.167,80,web,,,,8.0
207.46.130.57,80,web,,,,4.0
207.46.131.142,80,web,,,,18.0
207.46.131.151,80,web,,,,36.0
207.46.142.14,80,web,,,,3.0
207.46.142.198,80,web,,,,1.0
207.46.142.48,80,web,,,,3.0
207.46.143.126,80,web,,,,11.0
207.46.150.213,80,web,,,,23.0
207.46.176.50,80,web,,,,24.0
207.46.176.74,80,web,,,,2.0
207.46.179.15,80,web,,,,74.0
207.46.179.17,80,web,,,,1.0
207.46.185.11,80,web,,,,3.0
207.51.123.250,80,web,,,,27.0
207.51.18.11,80,web,,,,30.0
207.51.18.110,80,web,,,,13.0
207.51.18.23,80,web,,,,6.0
207.68.149.25,80,web,,,,3.0
207.68.161.27,80,web,,,,48.0
207.68.36.30,80,web,,,,9.0
207.69.232.9,80,web,,,,82.0
207.77.90.171,80,web,,,,15.0
207.82.225.70,80,web,,,,108.0
207.82.250.251,80,web,,,,11.0
207.87.1.51,80,web,,,,44.0
207.87.128.113,80,web,,,,1.0
207.87.128.119,80,web,,,,3.0
207.87.13.144,80,web,,,,1.0
207.87.4.225,80,web,,,,1.0
207.87.6.27,80,web,,,,1.0
207.91.124.2,80,web,,,,1.0
208.10.192.175,80,web,,,,2.0
208.131.160.111,80,web,,,,1.0
208.134.240.50,80,web,,,,88.0
208.134.244.93,80,web,,,,6.0
208.134.244.94,80,web,,,,1.0
208.134.245.83,80,web,,,,35.0
208.137.119.12,80,web,,,,58.0
208.138.33.187,80,web,,,,11.0
208.141.130.161,80,web,,,,9.0
208.146.245.2,80,web,,,,12.0
208.147.89.140,80,web,,,,60.0
208.147.89.157,80,web,,,,42.0
208.147.89.39,80,web,,,,3.0
208.147.89.59,80,web,,,,16.0
208.148.76.231,80,web,,,,44.0
208.160.10.121,80,web,,,,2.0
208.160.10.122,80,web,,,,183.0
208.160.10.123,80,web,,,,11.0
208.160.10.124,80,web,,,,1.0
208.160.10.125,80,web,,,,2.0
208.160.10.127,80,web,,,,8.0
208.192.182.96,80,web,,,,55.0
208.194.150.10,80,web,,,,42.0
208.194.177.96,80,web,,,,52.0
208.197.163.194,80,web,,,,1.0
208.198.158.115,80,web,,,,29.0
208.206.42.111,80,web,,,,1.0
208.209.199.134,80,web,,,,50.0
208.209.46.37,80,web,,,,2.0
208.213.215.120,80,web,,,,33.0
208.213.76.164,80,web,,,,34.0
208.216.182.15,80,web,,,,7.0
208.218.130.20,80,web,,,,14.0
208.221.32.46,80,web,,,,19.0
208.221.32.49,80,web,,,,6.0
208.223.142.33,80,web,,,,2.0
208.226.198.163,80,web,,,,1.0
208.226.198.79,80,web,,,,2.0
208.226.198.93,80,web,,,,38.0
208.226.198.94,80,web,,,,3.0
208.228.229.100,80,web,,,,15.0
208.228.229.120,80,web,,,,41.0
208.236.45.24,80,web,,,,2.0
208.237.193.111,80,web,,,,36.0
208.240.76.5,80,web,,,,5.0
208.240.76.6,80,web,,,,10.0
208.246.212.141,80,web,,,,13.0
208.246.212.6,80,web,,,,4.0
208.3.89.129,80,web,,,,28.0
208.3.89.2,80,web,,,,11.0
208.3.89.3,80,web,,,,40.0
208.5.128.251,80,web,,,,43.0
208.5.128.36,80,web,,,,1.0
208.5.188.108,80,web,,,,6.0
208.5.188.113,80,web,,,,1.0
208.5.188.82,80,web,,,,38.0
209.1.105.37,80,web,,,,4.0
209.1.112.251,80,web,,,,78.0
209.1.112.252,80,web,,,,3.0
209.1.120.52,80,web,,,,1.0
209.1.120.90,80,web,,,,3.0
209.1.129.7,80,web,,,,2.0
209.1.129.9,80,web,,,,1.0
209.1.133.240,80,web,,,,2.0
209.1.203.50,80,web,,,,7.0
209.1.224.15,80,web,,,,100.0
209.1.224.190,80,web,,,,624.0
209.1.25.56,80,web,,,,1.0
209.1.28.222,80,web,,,,2.0
209.1.28.24,80,web,,,,16.0
209.1.55.139,80,web,,,,6.0
209.1.7.220,80,web,,,,8.0
209.109.153.241,80,web,,,,1.0
209.109.219.123,80,web,,,,4.0
209.113.183.114,80,web,,,,4.0
209.116.84.57,80,web,,,,200.0
209.116.92.200,80,web,,,,29.0
209.117.168.20,80,web,,,,69.0
209.12.98.249,80,web,,,,2.0
209.132.16.80,80,web,,,,8.0
209.132.29.40,80,web,,,,20.0
209.132.42.254,80,web,,,,594.0
209.132.61.165,80,web,,,,1.0
209.140.51.52,80,web,,,,43.0
209.143.193.132,80,web,,,,1.0
209.143.195.5,80,web,,,,23.0
209.143.199.28,80,web,,,,2.0
209.143.199.30,80,web,,,,80.0
209.143.225.100,80,web,,,,4.0
209.143.228.181,80,web,,,,42.0
209.143.228.184,80,web,,,,3.0
209.143.228.185,80,web,,,,2.0
209.143.228.194,80,web,,,,6.0
209.143.228.195,80,web,,,,5.0
209.143.228.98,80,web,,,,6.0
209.143.252.52,80,web,,,,2.0
209.162.76.10,80,web,,,,4.0
209.164.25.7,80,web,,,,288.0
209.185.102.234,80,web,,,,74.0
209.185.111.50,80,web,,,,1.0
209.185.123.155,80,web,,,,8.0
209.185.123.57,80,web,,,,27.0
209.185.123.61,80,web,,,,2.0
209.185.151.128,80,web,,,,8.0
209.185.151.129,80,web,,,,54.0
209.185.151.131,80,web,,,,3.0
209.185.151.135,80,web,,,,4.0
209.185.152.101,80,web,,,,7.0
209.185.162.150,80,web,,,,18.0
209.185.162.52,80,web,,,,2.0
209.185.174.41,80,web,,,,20.0
209.185.222.204,80,web,,,,108.0
209.185.250.103,80,web,,,,36.0
209.185.69.11,80,web,,,,6.0
209.186.73.3,80,web,,,,692.0
209.19.139.168,80,web,,,,3.0
209.19.139.185,80,web,,,,3.0
209.207.163.10,80,web,,,,53.0
209.208.153.13,80,web,,,,20.0
209.21.144.129,80,web,,,,26.0
209.215.174.245,80,web,,,,34.0
209.217.209.10,80,web,,,,55.0
209.22.120.220,80,web,,,,17.0
209.241.234.144,80,web,,,,96.0
209.26.2.41,80,web,,,,9.0
209.27.114.5,80,web,,,,1.0
209.3.209.166,80,web,,,,43.0
209.37.27.2,80,web,,,,2.0
209.49.149.2,80,web,,,,32.0
209.61.100.129,80,web,,,,15.0
209.61.101.125,80,web,,,,9.0
209.61.101.126,80,web,,,,106.0
209.63.168.123,80,web,,,,1.0
209.63.195.70,80,web,,,,81.0
209.67.139.37,80,web,,,,80.0
209.67.147.70,80,web,,,,50.0
209.67.183.25,80,web,,,,79.0
209.67.19.99,80,web,,,,8.0
209.67.221.60,80,web,,,,2.0
209.67.227.100,80,web,,,,1.0
209.67.228.53,80,web,,,,50.0
209.67.228.62,80,web,,,,2.0
209.67.23.50,80,web,,,,42.0
209.67.27.70,80,web,,,,42.0
209.67.29.11,80,web,,,,2052.0
209.67.3.82,80,web,,,,11.0
209.67.31.136,80,web,,,,4.0
209.67.69.45,80,web,,,,6.0
209.73.222.230,80,web,,,,3.0
209.75.196.3,80,web,,,,42.0
209.75.20.16,80,web,,,,4.0
209.75.20.25,80,web,,,,2.0
209.75.21.180,80,web,,,,2.0
209.75.21.200,80,web,,,,1.0
209.75.21.5,80,web,,,,5.0
209.75.5.250,80,web,,,,1.0
209.83.166.2,80,web,,,,1.0
209.83.166.88,80,web,,,,3.0
209.84.4.11,80,web,,,,2.0
209.84.4.31,80,web,,,,26.0
209.85.159.120,80,web,,,,1.0
209.86.116.147,80,web,,,,92.0
209.86.235.13,80,web,,,,31.0
209.94.29.136,80,web,,,,68.0
209.97.22.65,80,web,,,,5.0
209.97.22.96,80,web,,1.0,,311.0
216.15.142.160,80,web,,,,2.0
216.32.116.201,80,web,,,,68.0
216.32.120.132,80,web,,,,15.0
216.32.120.133,80,web,,,,1.0
216.32.120.136,80,web,,,,1.0
216.32.120.32,80,web,,,,1.0
216.32.49.254,80,web,,,,1.0
216.32.66.11,80,web,,,,4.0
216.32.99.73,80,web,,,,6.0
24.128.1.113,80,web,,,,1.0
24.128.1.72,80,web,,,,2.0
32.97.105.130,80,web,,,,2.0
32.97.255.64,80,web,,,,113.0
35.8.164.6,80,web,,,,16.0
38.15.65.10,80,web,,,,8.0
38.176.11.51,80,web,,,,22.0
38.217.109.100,80,web,,,,2.0
38.249.212.12,80,web,,,,4.0
38.250.249.240,80,web,,,,8.0
62.52.69.101,80,web,,,,4.0
62.52.69.106,80,web,,,,13.0
62.52.69.109,80,web,,,,3.0
62.52.69.129,80,web,,,,2.0
62.52.69.132,80,web,,,,2.0
62.52.69.202,80,web,,,,5.0
62.52.69.79,80,web,,,,9.0
62.52.69.81,80,web,,,,5.0
62.52.69.84,80,web,,,,2.0
